{
  "definitions": {},
  "title": "Schema for validating user login input",
  "$schema": "http://json-schema.org/draft-07/schema#",
  "type": "object",
  "required": ["user"],
  "properties": {
    "user": {
      "type": "object",
      "required": [
        "username",
        "password"
      ],
      "properties": {
        "password": {
          "type": "string",
          "minLength": 4,
          "maxLength": 100
        },
        "username": {
          "type": "string",
          "minLength": 4,
          "maxLength": 100
        }
      }
    }
  }
}
